numero,title,video_id,url,duration
1,Akhdari 1,fRz9_8mDKyI,https://www.youtube.com/watch?v=fRz9_8mDKyI,04:23
2,Akhdari 2,RX3fXIUVbmg,https://www.youtube.com/watch?v=RX3fXIUVbmg,03:44
3,Akhdari 3,J2XxVM6nx4I,https://www.youtube.com/watch?v=J2XxVM6nx4I,06:18
4,Akhdari 4,BI7TSdFwzhg,https://www.youtube.com/watch?v=BI7TSdFwzhg,02:37
5,Akhdari 5,AmljoJEAjuE,https://www.youtube.com/watch?v=AmljoJEAjuE,04:19
6,Akhdari 6,tlcqA7snWUc,https://www.youtube.com/watch?v=tlcqA7snWUc,03:46
7,Akhdari 7,TKO0w9XUPP0,https://www.youtube.com/watch?v=TKO0w9XUPP0,03:19
8,Akhdari 8,Pe3fByYib_w,https://www.youtube.com/watch?v=Pe3fByYib_w,01:49
9,Akhdari 9,QjWiX-3q9NI,https://www.youtube.com/watch?v=QjWiX-3q9NI,02:18
10,Akhdari 10,jHH57WBluhU,https://www.youtube.com/watch?v=jHH57WBluhU,03:49
11,Akhdari 11,jFUBqGtIHpo,https://www.youtube.com/watch?v=jFUBqGtIHpo,02:14
12,Akhdari 12,6fXtoq6kT5Q,https://www.youtube.com/watch?v=6fXtoq6kT5Q,01:45
13,Akhdari 13,apbDMm39dCU,https://www.youtube.com/watch?v=apbDMm39dCU,05:55
14,Akhdari 14,h9AvZkTX9Y8,https://www.youtube.com/watch?v=h9AvZkTX9Y8,04:03
15,Akhdari 15,Bw_IGc96zbw,https://www.youtube.com/watch?v=Bw_IGc96zbw,04:23
16,Akhdari 16,3mRTISxe4j8,https://www.youtube.com/watch?v=3mRTISxe4j8,01:22
17,Akhdari 17,-SCeQR_dRYQ,https://www.youtube.com/watch?v=-SCeQR_dRYQ,02:15
18,Akhdari 18,a7KFQimSPsE,https://www.youtube.com/watch?v=a7KFQimSPsE,09:01
19,Akhdari 19,jOqQgY4gPp4,https://www.youtube.com/watch?v=jOqQgY4gPp4,02:37
20,Akhdari 20,YHdEC8ZJZIE,https://www.youtube.com/watch?v=YHdEC8ZJZIE,02:22
21,Akhdari 21,VkorHYMSWYg,https://www.youtube.com/watch?v=VkorHYMSWYg,02:32
22,Akhdari 22,GyVigdek_RE,https://www.youtube.com/watch?v=GyVigdek_RE,02:38
23,Akhdari 23,fDpzSd4Y0rA,https://www.youtube.com/watch?v=fDpzSd4Y0rA,01:32
24,Akhdari 24,T2_rfSiNeGs,https://www.youtube.com/watch?v=T2_rfSiNeGs,01:29
25,Akhdari 25,TXQ0sFI12uI,https://www.youtube.com/watch?v=TXQ0sFI12uI,01:30
26,Akhdari 26,n3QPjwP_tDc,https://www.youtube.com/watch?v=n3QPjwP_tDc,03:44
27,Akhdari 27,ymgVzW_hkbg,https://www.youtube.com/watch?v=ymgVzW_hkbg,03:20
28,Akhdari 28,s_p5iMM5DIc,https://www.youtube.com/watch?v=s_p5iMM5DIc,02:24
29,Akhdari 29,Amd5uh9-VGc,https://www.youtube.com/watch?v=Amd5uh9-VGc,03:09
30,Akhdari 30,b7AcCAb0OOo,https://www.youtube.com/watch?v=b7AcCAb0OOo,05:33
31,Akhdari 31,RPbYMeV08Xg,https://www.youtube.com/watch?v=RPbYMeV08Xg,02:17
32,Akhdari 32,Wx_ACU4Izcs,https://www.youtube.com/watch?v=Wx_ACU4Izcs,02:05
33,Akhdari 33,rESA99S4Q5U,https://www.youtube.com/watch?v=rESA99S4Q5U,06:04
34,Akhdari 34,zZ8AsCYpLYA,https://www.youtube.com/watch?v=zZ8AsCYpLYA,04:10
35,Akhdari 35,_fuT5qtO_g8,https://www.youtube.com/watch?v=_fuT5qtO_g8,05:21
36,Akhdari 36,fRg8WErUo0A,https://www.youtube.com/watch?v=fRg8WErUo0A,06:31
37,Akhdari 37,kxKX4iWcong,https://www.youtube.com/watch?v=kxKX4iWcong,03:34
38,Akhdari 38,7sWbe88NQmI,https://www.youtube.com/watch?v=7sWbe88NQmI,05:22
39,Akhdari 39,z4yzSBLD6G0,https://www.youtube.com/watch?v=z4yzSBLD6G0,06:21
40,Akhdari 40,vfH3sOs8Ohw,https://www.youtube.com/watch?v=vfH3sOs8Ohw,02:41
41,Akhdari 41,0gR8SZpJNAA,https://www.youtube.com/watch?v=0gR8SZpJNAA,04:39
42,Akhdari 42,ZoKziQ_jBns,https://www.youtube.com/watch?v=ZoKziQ_jBns,03:08
43,Akhdari 43,q7dO_bDoASM,https://www.youtube.com/watch?v=q7dO_bDoASM,04:01
44,Akhdari 44,cXYWUw2Fz9A,https://www.youtube.com/watch?v=cXYWUw2Fz9A,04:51
45,Akhdari 45,2W8V06btdz4,https://www.youtube.com/watch?v=2W8V06btdz4,05:09
46,Akhdari 46,0SmNVzw-HZU,https://www.youtube.com/watch?v=0SmNVzw-HZU,04:52
47,Akhdari 47,nn5KrPcke_E,https://www.youtube.com/watch?v=nn5KrPcke_E,04:52
48,Akhdari 48,aA9z8Es3mA8,https://www.youtube.com/watch?v=aA9z8Es3mA8,04:25
49,Akhdari 49,ZjU3aMzUupA,https://www.youtube.com/watch?v=ZjU3aMzUupA,06:38
50,Akhdari 50,_lRH2SDY-0I,https://www.youtube.com/watch?v=_lRH2SDY-0I,05:42
51,Akhdari 51,felXyunjPNM,https://www.youtube.com/watch?v=felXyunjPNM,05:24
52,Akhdari 52,e3LD1-jAx_c,https://www.youtube.com/watch?v=e3LD1-jAx_c,06:03
53,Akhdari 53,eva981HsIpU,https://www.youtube.com/watch?v=eva981HsIpU,11:27
54,Akhdari 54,Vgmj-7lrops,https://www.youtube.com/watch?v=Vgmj-7lrops,06:57
55,Akhdari 55,t8u3aFciO4k,https://www.youtube.com/watch?v=t8u3aFciO4k,09:18
56,Akhdari 56,qHTj_G9hl9k,https://www.youtube.com/watch?v=qHTj_G9hl9k,06:10
57,Akhdari 57,XFsK9x4R-4g,https://www.youtube.com/watch?v=XFsK9x4R-4g,04:20
